Id Placa;AIT;Data_infracao;Hora_infracao;Cod_enq;Descricao_enq;Cod_local;Descricao_local;Cod_equip;Cod_serie_equip
2;UVA20584372;20/11/2013;16:28:00;74550;TRANSITAR EM VELOCIDADE SUPERIOR A MAXIMA PERMITIDA EM ATE 20%;4204;AV. VINTE E TRES DE MAIO, SOB VIADUTOTUTOIA, SENTIDO BAIRRO/CENTRO;5007;19
2;RXA17785783;24/11/2013;17:49:00;56810;TRANSITAR NA FAIXA/PISTA DA DIREITA REGUL CIRCULACAO EXCLUSIVA DETERM VEICULO;7580;RUA MELO FREIRE, ALTURA DA RUA TUIUTI,(SENTIDO BAIRRO/CENTRO)-FX EXCLUS ONIBUS;6707;9904107-FX5 
2;UVA22638046;11/01/2014;12:34:00;74550;TRANSITAR EM VELOCIDADE SUPERIOR A MAXIMA PERMITIDA EM ATE 20%;4200;AV. ALCANTARA MACHADO, PROXIMO A RUA DR. ALMEIDA LIMA, SENTIDO BAIRRO/CENTRO;5100;2011404004
7;UVA20985059;30/11/2013;07:10:00;74550;TRANSITAR EM VELOCIDADE SUPERIOR A MAXIMA PERMITIDA EM ATE 20%;4214;AV NACOES UNIDAS (LOCAL) SOB PONTE CIDADE JARDIM, SENTIDO INTERLAGOS/C. BRANCO;5114;500004
8;MVA10457456;27/12/2013;14:27:00;74550;TRANSITAR EM VELOCIDADE SUPERIOR A MAXIMA PERMITIDA EM ATE 20%;5054;AVENIDA WASHINGTON LUIS, NUMERO 6675, (SENTIDO CENTRO/BAIRRO);4003;TC001312 
17;UVA22227011;31/12/2013;11:43:00;74550;TRANSITAR EM VELOCIDADE SUPERIOR A MAXIMA PERMITIDA EM ATE 20%;4205;AV. VINTE E TRES DE MAIO, SOB VIADUTOPEDROSO, SENTIDO CENTRO/BAIRRO;5109;500006
17;UVA20585697;20/11/2013;11:36:00;74550;TRANSITAR EM VELOCIDADE SUPERIOR A MAXIMA PERMITIDA EM ATE 20%;4205;AV. VINTE E TRES DE MAIO, SOB VIADUTOPEDROSO, SENTIDO CENTRO/BAIRRO;5109;500006
17;UVA22034795;28/12/2013;11:24:00;74550;TRANSITAR EM VELOCIDADE SUPERIOR A MAXIMA PERMITIDA EM ATE 20%;4205;AV. VINTE E TRES DE MAIO, SOB VIADUTOPEDROSO, SENTIDO CENTRO/BAIRRO;5109;500006
40;UVA21363450;13/12/2013;23:17:00;74550;TRANSITAR EM VELOCIDADE SUPERIOR A MAXIMA PERMITIDA EM ATE 20%;4214;AV NACOES UNIDAS (LOCAL) SOB PONTE CIDADE JARDIM, SENTIDO INTERLAGOS/C. BRANCO;5114;500004
44;UVA22205212;31/12/2013;05:02:00;74630;TRANSITAR EM VELOCIDADE SUPERIOR A MAXIMA PERMITIDA EM MAIS DE 20% ATE 50%;4210;AV DOUTOR RICARDO JAFET, SOB VIADUTO SAIOA, SENTIDO IMIGRANTES/IPIRANGA;5108;500007
44;RVA43742526;28/11/2013;23:30:00;74630;TRANSITAR EM VELOCIDADE SUPERIOR A MAXIMA PERMITIDA EM MAIS DE 20% ATE 50%;7527;AV. SALIM F. MALUF, OPOSTO R. FLORINDOBRAS (V.PRUDENTE/MARG.TIETE) FX 4, 5 E 6;6567;9904011-FX4 
44;SRA28001209;07/10/2013;17:10:00;57462;TRANSITAR EM LOCAL/HORARIO NAO PERMITIDO PELA REGULAMENTACAO - RODIZIO;3071;AV. RUDGE, APOS A RUA JAMES HOLLAND(SENT. BAIRRO/CENTRO);8167;298-FX1 
44;UVA20636780;21/11/2013;21:06:00;74550;TRANSITAR EM VELOCIDADE SUPERIOR A MAXIMA PERMITIDA EM ATE 20%;4206;AV EMBAIXADOR MACEDO SOARES, SOB PONTE NOVA FEPASA, SENTIDO C. BRANCO/A. SENNA;5115;500005
44;SVA37240545;29/12/2013;12:54:00;74550;TRANSITAR EM VELOCIDADE SUPERIOR A MAXIMA PERMITIDA EM ATE 20%;3057;AV. ZAKI NARCHI, OPOSTO AO PORTAO DO PARQUE DA JUVENTUDE (CENTRO/BAIRRO);8134;284-FX2 
44;CVA29405570;23/12/2013;23:00:00;74550;TRANSITAR EM VELOCIDADE SUPERIOR A MAXIMA PERMITIDA EM ATE 20%;3426;AV PRES CASTELO BRANCO, APOS PTE DACASA VERDE (SENTIDO C.BRANCO/A.SENNA);8493;279-FX2 
44;KVA13356623;26/12/2013;12:56:00;74550;TRANSITAR EM VELOCIDADE SUPERIOR A MAXIMA PERMITIDA EM ATE 20%;1130;AV. AGUA FRIA, ALT. DO N. 1361(SENTIDO BAIRRO/CENTRO);5335;86032-BC 
44;TRA19983297;18/11/2013;17:50:00;57462;TRANSITAR EM LOCAL/HORARIO NAO PERMITIDO PELA REGULAMENTACAO - RODIZIO;1529;AV. PRESTES MAIA, N. 913 A(SENTIDO BAIRRO/CENTRO);3067;9903009-FX1 
46;RRA30300920;04/10/2013;17:44:00;57462;TRANSITAR EM LOCAL/HORARIO NAO PERMITIDO PELA REGULAMENTACAO - RODIZIO;7549;AV. SALIM FARAH MALUF, APOS PÇA PIEN(SENTIDO V.PRUDENTE/MARG.TIETE);6625;9904088-FX2 
53;RVA44133523;15/12/2013;18:09:00;74550;TRANSITAR EM VELOCIDADE SUPERIOR A MAXIMA PERMITIDA EM ATE 20%;7547;AV. REBOUÇAS, APOS AL. LORENA (SENTIDOBAIRRO/CENTRO)-FX EXCLUS ONIBUS;6621;9904076-FX1 
71;RVA44260223;21/12/2013;17:24:00;74550;TRANSITAR EM VELOCIDADE SUPERIOR A MAXIMA PERMITIDA EM ATE 20%;7566;AV. ALCANTARA MACHADO, OPOSTO R.PLACIDINA (SENT.CENTRO/BAIRRO) FX 4,5 E 6;6664;9904044-FX4 
71;RVA44923729;11/01/2014;15:30:00;74550;TRANSITAR EM VELOCIDADE SUPERIOR A MAXIMA PERMITIDA EM ATE 20%;7585;AV ARICANDUVA, PROX. R FUNILANDIA (SENTIDO MARG TIETE/S. MATEUS)-FX EXCL ONIBUS;6703;9904040-FX3 
84;RXA17915687;04/12/2013;09:03:00;56900;TRANSITAR NA FAIXA/PISTA DA ESQUERDA REGUL CIRCULACAO EXCLUSIVA DETERM VEICULO;7537;AV. NOVE DE JULHO, ALT R ENG MONLEVADE(CENTRO/BAIRRO) -FX 2 -FX EXCLUS ONIBUS;6585;9904025-FX2 
84;RVA42500383;10/10/2013;14:15:00;74550;TRANSITAR EM VELOCIDADE SUPERIOR A MAXIMA PERMITIDA EM ATE 20%;7555;AV. ALCANTARA MACHADO, PROX. R.PLACIDINA (SENT BAIRRO/CENTRO) FX 1,2 E 3;6638;9904041-FX1 
108;KRA13074042;24/12/2013;09:33:00;57462;TRANSITAR EM LOCAL/HORARIO NAO PERMITIDO PELA REGULAMENTACAO - RODIZIO;1104;AV SAO GUALTER, ALTURA DA PÇA. SAOMARCOS - SENT. PINHEIROS/LAPA;5304;86016-PL 
117;LVA28541711;17/11/2013;11:32:00;74550;TRANSITAR EM VELOCIDADE SUPERIOR A MAXIMA PERMITIDA EM ATE 20%;3236;RUA SENA MADUREIRA, ALTURA DO NUMERO1355 (SENTIDO IBIRAPUERA/VILA MARIANA);8285;243-FX3 
124;CRA39444456;30/01/2014;17:28:00;57462;TRANSITAR EM LOCAL/HORARIO NAO PERMITIDO PELA REGULAMENTACAO - RODIZIO;3419;MARG. PINHEIROS, ANT PTE CID. UNIVERS.(SENT. C.BRANCO/INTERLAGOS) - FX 5, 6 E 7;8470;198-FX7 
124;UVA20600491;20/11/2013;15:42:00;74550;TRANSITAR EM VELOCIDADE SUPERIOR A MAXIMA PERMITIDA EM ATE 20%;4206;AV EMBAIXADOR MACEDO SOARES, SOB PONTE NOVA FEPASA, SENTIDO C. BRANCO/A. SENNA;5115;500005
126;CRA38404566;25/11/2013;18:02:00;57462;TRANSITAR EM LOCAL/HORARIO NAO PERMITIDO PELA REGULAMENTACAO - RODIZIO;3404;AV. AFONSO D ESCRAGNOLE TAUNAY, APOSVD DANTE DELMANTO (SENT. MARG/IMIGRANTES);8406;159-FX3 
165;TRA19845102;28/10/2013;17:26:00;57462;TRANSITAR EM LOCAL/HORARIO NAO PERMITIDO PELA REGULAMENTACAO - RODIZIO;1528;R. DA CONSOLAÇAO, N. 913(SENTIDO BAIRRO/CENTRO);3066;9903007-FX4 
192;LRA31524689;15/10/2013;08:53:00;57462;TRANSITAR EM LOCAL/HORARIO NAO PERMITIDO PELA REGULAMENTACAO - RODIZIO;3221;AV PRES TANCREDO NEVES, OP TRAV SANTIUGOLINO MICHELAZZO (SENT ANCH/IMIGRANTES);8241;200-FX1 
194;UVA19395936;06/10/2013;12:21:00;74550;TRANSITAR EM VELOCIDADE SUPERIOR A MAXIMA PERMITIDA EM ATE 20%;4205;AV. VINTE E TRES DE MAIO, SOB VIADUTOPEDROSO, SENTIDO CENTRO/BAIRRO;5109;500006
223;RRA31320062;28/11/2013;07:52:00;57462;TRANSITAR EM LOCAL/HORARIO NAO PERMITIDO PELA REGULAMENTACAO - RODIZIO;7529;AV SALIM F MALUF, PROX R FLORINDO BRAS(SENT MARG.TIETE/V.PRUDENTE) FX 4, 5 E 6;6573;9904009-FX4 
317;UVA21147707;08/12/2013;06:51:00;74550;TRANSITAR EM VELOCIDADE SUPERIOR A MAXIMA PERMITIDA EM ATE 20%;4210;AV DOUTOR RICARDO JAFET, SOB VIADUTO SAIOA, SENTIDO IMIGRANTES/IPIRANGA;5108;500007
356;CRA38938242;23/12/2013;07:34:00;57462;TRANSITAR EM LOCAL/HORARIO NAO PERMITIDO PELA REGULAMENTACAO - RODIZIO;3406;MARG DO RIO PINHEIROS, PISTA EXP, APOS PTE CID UNIV (SENT.INTERLAGOS/C. BRANCO);8417;144-FX4 
489;SXA14323955;18/10/2013;22:05:00;56900;TRANSITAR NA FAIXA/PISTA DA ESQUERDA REGUL CIRCULACAO EXCLUSIVA DETERM VEICULO;3076;AV. ERMANO MARCHETTI, ANTES RUA EMILIOGOELDI (SENT.BAIRRO/CENTRO) FX.EXC.ONIBUS;8183;291-FX1 
489;SRA28279428;06/11/2013;17:21:00;57462;TRANSITAR EM LOCAL/HORARIO NAO PERMITIDO PELA REGULAMENTACAO - RODIZIO;3075;AV. ERMANO MARCHETTI, ANTES DA RUA EMILIO GOELDI (SENT. BAIRRO/CENTRO);8181;291-FX3 
489;SVA36395260;12/10/2013;11:22:00;74550;TRANSITAR EM VELOCIDADE SUPERIOR A MAXIMA PERMITIDA EM ATE 20%;3077;AV. ERMANO MARCHETTI, APOS A RUA CENNOSBRIGHI (SENT. CENTRO/BAIRRO);8184;293-FX2 
489;SVA36409619;13/10/2013;11:31:00;74550;TRANSITAR EM VELOCIDADE SUPERIOR A MAXIMA PERMITIDA EM ATE 20%;3077;AV. ERMANO MARCHETTI, APOS A RUA CENNOSBRIGHI (SENT. CENTRO/BAIRRO);8186;293-FX4 
489;SXA14411455;12/12/2013;15:37:00;56900;TRANSITAR NA FAIXA/PISTA DA ESQUERDA REGUL CIRCULACAO EXCLUSIVA DETERM VEICULO;3076;AV. ERMANO MARCHETTI, ANTES RUA EMILIOGOELDI (SENT.BAIRRO/CENTRO) FX.EXC.ONIBUS;8183;291-FX1 
504;XVA16921261;19/12/2013;01:08:00;74550;TRANSITAR EM VELOCIDADE SUPERIOR A MAXIMA PERMITIDA EM ATE 20%;6016;AV. FRANCISCO DE PAULA Q. RIBEIRO - FRENTE AO NUM. 280 - SENT. BAIRRO/CENTRO;5533;9902008-BC 
512;RVA44689637;02/01/2014;16:32:00;74550;TRANSITAR EM VELOCIDADE SUPERIOR A MAXIMA PERMITIDA EM ATE 20%;7570;AV. CONDE DE FRONTIN, ANTES DA R.PINHALZINHO (CENTRO/BAIRRO) - FX 4 E 5;6676;9904048-FX4 
540;FVA14022288;05/10/2013;15:17:00;74550;TRANSITAR EM VELOCIDADE SUPERIOR A MAXIMA PERMITIDA EM ATE 20%;6533;AV. CELSO GARCIA, ALT. DO N. 4911 -SENTIDO BAIRRO/CENTRO;6037;0436-BC 
562;UVA19827933;29/10/2013;22:44:00;74550;TRANSITAR EM VELOCIDADE SUPERIOR A MAXIMA PERMITIDA EM ATE 20%;4202;AV. ARICANDUVA, PROXIMO A RUA DR. MARIANO C. DE MOURA, SENTIDO CENTRO/BAIRRO;5106;404005
562;UVA22026458;28/12/2013;09:27:00;74550;TRANSITAR EM VELOCIDADE SUPERIOR A MAXIMA PERMITIDA EM ATE 20%;4201;AV. ALCANTARA MACHADO, PROXIMO A RUA SIQUEIRA BUENO, SENTIDO CENTRO/BAIRRO;5105;404102
563;UVA23170986;26/01/2014;15:13:00;74550;TRANSITAR EM VELOCIDADE SUPERIOR A MAXIMA PERMITIDA EM ATE 20%;4214;AV NACOES UNIDAS (LOCAL) SOB PONTE CIDADE JARDIM, SENTIDO INTERLAGOS/C. BRANCO;5114;500004
570;BVA10777971;26/01/2014;20:01:00;74550;TRANSITAR EM VELOCIDADE SUPERIOR A MAXIMA PERMITIDA EM ATE 20%;1631;R. TEODORO SAMPAIO, N. 1316 -SENTIDO BAIRRO/CENTRO;3335;358-FX1 
570;UVA22172810;30/12/2013;22:42:00;74550;TRANSITAR EM VELOCIDADE SUPERIOR A MAXIMA PERMITIDA EM ATE 20%;4214;AV NACOES UNIDAS (LOCAL) SOB PONTE CIDADE JARDIM, SENTIDO INTERLAGOS/C. BRANCO;5114;500004
570;UVA19845281;30/10/2013;12:26:00;74550;TRANSITAR EM VELOCIDADE SUPERIOR A MAXIMA PERMITIDA EM ATE 20%;4214;AV NACOES UNIDAS (LOCAL) SOB PONTE CIDADE JARDIM, SENTIDO INTERLAGOS/C. BRANCO;5114;500004
570;BRA19891566;29/11/2013;17:34:00;57462;TRANSITAR EM LOCAL/HORARIO NAO PERMITIDO PELA REGULAMENTACAO - RODIZIO;1631;R. TEODORO SAMPAIO, N. 1316 -SENTIDO BAIRRO/CENTRO;3336;358-FX2 
570;UVA22548080;07/01/2014;22:55:00;74550;TRANSITAR EM VELOCIDADE SUPERIOR A MAXIMA PERMITIDA EM ATE 20%;4214;AV NACOES UNIDAS (LOCAL) SOB PONTE CIDADE JARDIM, SENTIDO INTERLAGOS/C. BRANCO;5114;500004
570;RVA42682538;18/10/2013;00:37:00;74550;TRANSITAR EM VELOCIDADE SUPERIOR A MAXIMA PERMITIDA EM ATE 20%;7525;AV. EUSEBIO MATOSO, APOS R. CARDEALARCOVERDE (SENTIDO CENTRO/BAIRRO);6561;9904046-FX2 
570;XVA17017127;09/01/2014;00:08:00;74550;TRANSITAR EM VELOCIDADE SUPERIOR A MAXIMA PERMITIDA EM ATE 20%;6060;AV. MARIA COELHO AGUIAR, PROXIMO A R.ANTONIO DA MATA JR. - SENT. BAIRRO/CENTRO;5567;9902052-BC 
570;BRA19847443;22/11/2013;18:54:00;57462;TRANSITAR EM LOCAL/HORARIO NAO PERMITIDO PELA REGULAMENTACAO - RODIZIO;1606;AL. SANTOS, N. 2511 - SENTIDOCONSOLAÇAO/PARAISO;3267;337-FX2 
570;UVA21143264;07/12/2013;15:10:00;74550;TRANSITAR EM VELOCIDADE SUPERIOR A MAXIMA PERMITIDA EM ATE 20%;4214;AV NACOES UNIDAS (LOCAL) SOB PONTE CIDADE JARDIM, SENTIDO INTERLAGOS/C. BRANCO;5114;500004
570;UVA21443012;15/12/2013;21:59:00;74630;TRANSITAR EM VELOCIDADE SUPERIOR A MAXIMA PERMITIDA EM MAIS DE 20% ATE 50%;4214;AV NACOES UNIDAS (LOCAL) SOB PONTE CIDADE JARDIM, SENTIDO INTERLAGOS/C. BRANCO;5114;500004
570;UVA21014286;03/12/2013;00:51:00;74630;TRANSITAR EM VELOCIDADE SUPERIOR A MAXIMA PERMITIDA EM MAIS DE 20% ATE 50%;4214;AV NACOES UNIDAS (LOCAL) SOB PONTE CIDADE JARDIM, SENTIDO INTERLAGOS/C. BRANCO;5114;500004
570;RVA43790105;01/12/2013;02:45:00;74550;TRANSITAR EM VELOCIDADE SUPERIOR A MAXIMA PERMITIDA EM ATE 20%;7525;AV. EUSEBIO MATOSO, APOS R. CARDEALARCOVERDE (SENTIDO CENTRO/BAIRRO);6562;9904046-FX3 
570;RVA44730220;04/01/2014;07:06:00;74550;TRANSITAR EM VELOCIDADE SUPERIOR A MAXIMA PERMITIDA EM ATE 20%;7525;AV. EUSEBIO MATOSO, APOS R. CARDEALARCOVERDE (SENTIDO CENTRO/BAIRRO);6561;9904046-FX2 
570;BVA10753339;28/11/2013;01:54:00;74550;TRANSITAR EM VELOCIDADE SUPERIOR A MAXIMA PERMITIDA EM ATE 20%;1631;R. TEODORO SAMPAIO, N. 1316 -SENTIDO BAIRRO/CENTRO;3335;358-FX1 
570;UVA21719808;22/12/2013;17:12:00;74550;TRANSITAR EM VELOCIDADE SUPERIOR A MAXIMA PERMITIDA EM ATE 20%;4217;AV NACOES UNIDAS, SOB PONTE DO SOCORRO, SENTIDO INTERLAGOS/CASTELO BRANCO;5111;500008
570;UVA21611403;20/12/2013;13:03:00;74630;TRANSITAR EM VELOCIDADE SUPERIOR A MAXIMA PERMITIDA EM MAIS DE 20% ATE 50%;4214;AV NACOES UNIDAS (LOCAL) SOB PONTE CIDADE JARDIM, SENTIDO INTERLAGOS/C. BRANCO;5114;500004
570;UVA21664868;21/12/2013;22:33:00;74550;TRANSITAR EM VELOCIDADE SUPERIOR A MAXIMA PERMITIDA EM ATE 20%;4214;AV NACOES UNIDAS (LOCAL) SOB PONTE CIDADE JARDIM, SENTIDO INTERLAGOS/C. BRANCO;5114;500004
570;RVA42789383;21/10/2013;18:09:00;74550;TRANSITAR EM VELOCIDADE SUPERIOR A MAXIMA PERMITIDA EM ATE 20%;7531;AV. NOVE DE JULHO, SOB VD. NOVE DEJULHO (SENTIDO CENTRO/BAIRRO);6590;9904015-FX3 
570;XVA16618780;05/10/2013;19:32:00;74550;TRANSITAR EM VELOCIDADE SUPERIOR A MAXIMA PERMITIDA EM ATE 20%;6055;R. OLIVIA GUEDES PENTEADO, PROX. A R.NSA. SRA. DO SOCORRO -SENT. BAIRRO/CENTRO;5560;9902039-BC-FX1 
570;SVA36834891;20/11/2013;17:31:00;74550;TRANSITAR EM VELOCIDADE SUPERIOR A MAXIMA PERMITIDA EM ATE 20%;3004;AV. ANTARTICA, FIM DO VD. ANTARTICA- SENTIDO MARGINAL TIETE / PINHEIROS;8011;0143-FX2 
570;UVA19904601;01/11/2013;10:17:00;74550;TRANSITAR EM VELOCIDADE SUPERIOR A MAXIMA PERMITIDA EM ATE 20%;4214;AV NACOES UNIDAS (LOCAL) SOB PONTE CIDADE JARDIM, SENTIDO INTERLAGOS/C. BRANCO;5114;500004
570;UVA23132618;25/01/2014;14:54:00;74550;TRANSITAR EM VELOCIDADE SUPERIOR A MAXIMA PERMITIDA EM ATE 20%;4214;AV NACOES UNIDAS (LOCAL) SOB PONTE CIDADE JARDIM, SENTIDO INTERLAGOS/C. BRANCO;5114;500004
570;RVA44330710;23/12/2013;21:53:00;74550;TRANSITAR EM VELOCIDADE SUPERIOR A MAXIMA PERMITIDA EM ATE 20%;7558;AV. REBOUÇAS, ALT. DO N. 2380(SENTIDO CENTRO/BAIRRO);6645;9904077-FX2 
570;SVA36562255;26/10/2013;17:05:00;74550;TRANSITAR EM VELOCIDADE SUPERIOR A MAXIMA PERMITIDA EM ATE 20%;3004;AV. ANTARTICA, FIM DO VD. ANTARTICA- SENTIDO MARGINAL TIETE / PINHEIROS;8011;0143-FX2 
570;UVA21952561;26/12/2013;14:18:00;74550;TRANSITAR EM VELOCIDADE SUPERIOR A MAXIMA PERMITIDA EM ATE 20%;4214;AV NACOES UNIDAS (LOCAL) SOB PONTE CIDADE JARDIM, SENTIDO INTERLAGOS/C. BRANCO;5114;500004
570;XVA16824665;23/11/2013;00:42:00;74550;TRANSITAR EM VELOCIDADE SUPERIOR A MAXIMA PERMITIDA EM ATE 20%;6060;AV. MARIA COELHO AGUIAR, PROXIMO A R.ANTONIO DA MATA JR. - SENT. BAIRRO/CENTRO;5567;9902052-BC 
570;UVA23240070;28/01/2014;13:24:00;74550;TRANSITAR EM VELOCIDADE SUPERIOR A MAXIMA PERMITIDA EM ATE 20%;4214;AV NACOES UNIDAS (LOCAL) SOB PONTE CIDADE JARDIM, SENTIDO INTERLAGOS/C. BRANCO;5114;500004
570;UVA22332419;02/01/2014;22:47:00;74630;TRANSITAR EM VELOCIDADE SUPERIOR A MAXIMA PERMITIDA EM MAIS DE 20% ATE 50%;4214;AV NACOES UNIDAS (LOCAL) SOB PONTE CIDADE JARDIM, SENTIDO INTERLAGOS/C. BRANCO;5114;500004
573;FVA14248537;08/01/2014;18:19:00;74550;TRANSITAR EM VELOCIDADE SUPERIOR A MAXIMA PERMITIDA EM ATE 20%;6521;R. MANUEL BUENO DA FONSECA, ALT. DO N. 300 - SENTIDO BAIRRO / CENTRO;6021;0426-BC 
596;RVA45286960;27/01/2014;16:54:00;74550;TRANSITAR EM VELOCIDADE SUPERIOR A MAXIMA PERMITIDA EM ATE 20%;7527;AV. SALIM F. MALUF, OPOSTO R. FLORINDOBRAS (V.PRUDENTE/MARG.TIETE) FX 4, 5 E 6;6568;9904011-FX5 
598;CVA29006152;15/11/2013;14:32:00;74550;TRANSITAR EM VELOCIDADE SUPERIOR A MAXIMA PERMITIDA EM ATE 20%;3422;AV. DOS BANDEIRANTES, ANTES DA AV.MIRUNA -SENTIDO IMIGRANTES/MARG.PINHEIROS;8480;175-FX2 
606;UVA20982785;30/11/2013;10:42:00;74550;TRANSITAR EM VELOCIDADE SUPERIOR A MAXIMA PERMITIDA EM ATE 20%;4212;RUA VERGUEIRO, PROXIMO A RUA TAMOIO,SENTIDO CENTRO/BAIRRO;5102;436002
609;XVA16993173;03/01/2014;11:17:00;74550;TRANSITAR EM VELOCIDADE SUPERIOR A MAXIMA PERMITIDA EM ATE 20%;6009;AV. SADAMU INOUE, ALTURA DO N. 6291 - SENTIDO CENTRO/BAIRRO;5556;9902010-CB 
625;UVA19745082;27/10/2013;14:52:00;74550;TRANSITAR EM VELOCIDADE SUPERIOR A MAXIMA PERMITIDA EM ATE 20%;4214;AV NACOES UNIDAS (LOCAL) SOB PONTE CIDADE JARDIM, SENTIDO INTERLAGOS/C. BRANCO;5114;500004
625;CRA39017515;23/12/2013;19:30:00;57462;TRANSITAR EM LOCAL/HORARIO NAO PERMITIDO PELA REGULAMENTACAO - RODIZIO;3428;MARGINAL TIETE-PISTA CENTRAL-APÓS PTEJULIO DE MESQUITA NETO (C.BRANCO/A.SENNA);8499;176-FX3 
631;BRA19790425;13/11/2013;09:27:00;57462;TRANSITAR EM LOCAL/HORARIO NAO PERMITIDO PELA REGULAMENTACAO - RODIZIO;1619;R. TEIXEIRA DA SILVA, N. 204 -SENTIDO JARDIM PAULISTA/BELA VISTA;3306;381-FX3 
631;LRA31541940;16/10/2013;09:15:00;57462;TRANSITAR EM LOCAL/HORARIO NAO PERMITIDO PELA REGULAMENTACAO - RODIZIO;3236;RUA SENA MADUREIRA, ALTURA DO NUMERO1355 (SENTIDO IBIRAPUERA/VILA MARIANA);8284;243-FX2 
634;RVA45246984;26/01/2014;09:23:00;74550;TRANSITAR EM VELOCIDADE SUPERIOR A MAXIMA PERMITIDA EM ATE 20%;7565;AV. ALCANTARA MACHADO, OPOSTO R.PLACIDINA (SENT.CENTRO/BAIRRO) FX 1,2 E 3;6663;9904043-FX3 
634;LRA32438620;19/12/2013;18:09:00;57462;TRANSITAR EM LOCAL/HORARIO NAO PERMITIDO PELA REGULAMENTACAO - RODIZIO;3235;AVENIDA INDIANOPOLIS, PROX. A ALAMEDADOS SORIMAS (SENT. IBIRAPUERA/JABAQUARA);8282;099-FX3 
634;TRA20341597;23/01/2014;17:35:00;57462;TRANSITAR EM LOCAL/HORARIO NAO PERMITIDO PELA REGULAMENTACAO - RODIZIO;1512;R CARLOS DE SOUSA NAZARE, N 180(SENTIDO SE/BRAS);3026;9903015-FX2 
634;LVA28356418;27/10/2013;03:20:00;74550;TRANSITAR EM VELOCIDADE SUPERIOR A MAXIMA PERMITIDA EM ATE 20%;3222;AV PRES TANCREDO NEVES, ALT TRAV SANTIUGOLINO MICHELAZZO (SENT IMIGR/ANCHIETA);8246;214-FX2 
634;CVA28767036;27/10/2013;03:17:00;74550;TRANSITAR EM VELOCIDADE SUPERIOR A MAXIMA PERMITIDA EM ATE 20%;3404;AV. AFONSO D ESCRAGNOLE TAUNAY, APOSVD DANTE DELMANTO (SENT. MARG/IMIGRANTES);8405;159-FX2 
638;RVA42797548;22/10/2013;09:02:00;74550;TRANSITAR EM VELOCIDADE SUPERIOR A MAXIMA PERMITIDA EM ATE 20%;7584;AV ARICANDUVA, PROX. R FUNILANDIA (SENTIDO MARG TIETE/S. MATEUS);6702;9904040-FX2 
638;RVA42689982;18/10/2013;09:07:00;74630;TRANSITAR EM VELOCIDADE SUPERIOR A MAXIMA PERMITIDA EM MAIS DE 20% ATE 50%;7585;AV ARICANDUVA, PROX. R FUNILANDIA (SENTIDO MARG TIETE/S. MATEUS)-FX EXCL ONIBUS;6703;9904040-FX3 
638;RVA42661662;17/10/2013;08:25:00;74630;TRANSITAR EM VELOCIDADE SUPERIOR A MAXIMA PERMITIDA EM MAIS DE 20% ATE 50%;7585;AV ARICANDUVA, PROX. R FUNILANDIA (SENTIDO MARG TIETE/S. MATEUS)-FX EXCL ONIBUS;6703;9904040-FX3 
638;RVA44185884;18/12/2013;13:51:00;74550;TRANSITAR EM VELOCIDADE SUPERIOR A MAXIMA PERMITIDA EM ATE 20%;7555;AV. ALCANTARA MACHADO, PROX. R.PLACIDINA (SENT BAIRRO/CENTRO) FX 1,2 E 3;6639;9904041-FX2 
638;RVA42494472;10/10/2013;08:28:00;74550;TRANSITAR EM VELOCIDADE SUPERIOR A MAXIMA PERMITIDA EM ATE 20%;7584;AV ARICANDUVA, PROX. R FUNILANDIA (SENTIDO MARG TIETE/S. MATEUS);6702;9904040-FX2 
638;RVA42652868;16/10/2013;08:38:00;74630;TRANSITAR EM VELOCIDADE SUPERIOR A MAXIMA PERMITIDA EM MAIS DE 20% ATE 50%;7585;AV ARICANDUVA, PROX. R FUNILANDIA (SENTIDO MARG TIETE/S. MATEUS)-FX EXCL ONIBUS;6703;9904040-FX3 
642;SWA10131573;04/11/2013;19:09:00;56732;PARAR SOBRE FAIXA DE PEDESTRES NA MUDANCA DE SINAL LUMINOSO (FISC ELETRONICA);3197;R. TURIASSUAV. POMPEIA (PERDIZES/POMPEIA);8987;22-FX3 
646;BRA19567122;04/10/2013;18:05:00;57462;TRANSITAR EM LOCAL/HORARIO NAO PERMITIDO PELA REGULAMENTACAO - RODIZIO;1610;AV. BRASIL, N. 126 -SENTIDO IBIRAPUERA/PINHEIROS;3278;339-FX1 
653;RRA30807731;31/10/2013;17:14:00;57462;TRANSITAR EM LOCAL/HORARIO NAO PERMITIDO PELA REGULAMENTACAO - RODIZIO;7554;AV. ALCANTARA MACHADO, PROX. R.JAIBARAS (SENT. CENTRO/BAIRRO) FX 4 E 5;6579;9904055-FX4 
653;RVA42414193;06/10/2013;12:02:00;74550;TRANSITAR EM VELOCIDADE SUPERIOR A MAXIMA PERMITIDA EM ATE 20%;7529;AV SALIM F MALUF, PROX R FLORINDO BRAS(SENT MARG.TIETE/V.PRUDENTE) FX 4, 5 E 6;6574;9904009-FX5 
653;UVA20585239;20/11/2013;09:48:00;74550;TRANSITAR EM VELOCIDADE SUPERIOR A MAXIMA PERMITIDA EM ATE 20%;4205;AV. VINTE E TRES DE MAIO, SOB VIADUTOPEDROSO, SENTIDO CENTRO/BAIRRO;5109;500006
653;UVA19726100;27/10/2013;14:05:00;74550;TRANSITAR EM VELOCIDADE SUPERIOR A MAXIMA PERMITIDA EM ATE 20%;4205;AV. VINTE E TRES DE MAIO, SOB VIADUTOPEDROSO, SENTIDO CENTRO/BAIRRO;5109;500006
653;UVA20965309;30/11/2013;09:12:00;74550;TRANSITAR EM VELOCIDADE SUPERIOR A MAXIMA PERMITIDA EM ATE 20%;4205;AV. VINTE E TRES DE MAIO, SOB VIADUTOPEDROSO, SENTIDO CENTRO/BAIRRO;5109;500006
662;LVA28605825;25/11/2013;16:27:00;74550;TRANSITAR EM VELOCIDADE SUPERIOR A MAXIMA PERMITIDA EM ATE 20%;3215;AV. GIOVANNI GRONCHI, PROXIMO A PRACAVINICIUS DE MORAES (SENT. CENTRO/BAIRRO);8234;183-FX1 
670;RRA31177308;21/11/2013;09:12:00;57462;TRANSITAR EM LOCAL/HORARIO NAO PERMITIDO PELA REGULAMENTACAO - RODIZIO;7527;AV. SALIM F. MALUF, OPOSTO R. FLORINDOBRAS (V.PRUDENTE/MARG.TIETE) FX 4, 5 E 6;6569;9904011-FX6 
689;UVA21350669;13/12/2013;06:44:00;74550;TRANSITAR EM VELOCIDADE SUPERIOR A MAXIMA PERMITIDA EM ATE 20%;4214;AV NACOES UNIDAS (LOCAL) SOB PONTE CIDADE JARDIM, SENTIDO INTERLAGOS/C. BRANCO;5114;500004
696;LXA13119039;22/11/2013;19:24:00;56900;TRANSITAR NA FAIXA/PISTA DA ESQUERDA REGUL CIRCULACAO EXCLUSIVA DETERM VEICULO;3245;AVENIDA GUARAPIRANGA, ALTURA DO N 1389 (SENTIDO BAIRRO/CENTRO)-FX EXCLUS ONIBUS;8310;675-FX1 
696;UVA20730115;24/11/2013;23:25:00;74550;TRANSITAR EM VELOCIDADE SUPERIOR A MAXIMA PERMITIDA EM ATE 20%;4208;AV SENADOR TEOTONIO VILELA, PX PASSARELA DO HIPER EXTRA, SENTIDO BAIRRO/CENTRO;5116;500010
698;TRA19793536;18/10/2013;18:38:00;57462;TRANSITAR EM LOCAL/HORARIO NAO PERMITIDO PELA REGULAMENTACAO - RODIZIO;1509;R. GALVAO BUENO, N. 31 -SENTIDO BAIRRO/CENTRO;3019;9903025-FX2 
698;LRA31852376;08/11/2013;09:25:00;57462;TRANSITAR EM LOCAL/HORARIO NAO PERMITIDO PELA REGULAMENTACAO - RODIZIO;3238;AV. VINTE E TRES DE MAIO, APOS VIADUTOTUTOIA (SENT. CENTRO/BAIRRO) -FX 3, 4 E 5;8287;239-FX3 
698;TRA20013913;22/11/2013;17:27:00;57462;TRANSITAR EM LOCAL/HORARIO NAO PERMITIDO PELA REGULAMENTACAO - RODIZIO;1521;R. HADDOCK LOBO, N. 403C -SENTIDO CENTRO/BAIRRO;3054;9903022-FX2 
698;TVA14695984;02/12/2013;11:13:00;74550;TRANSITAR EM VELOCIDADE SUPERIOR A MAXIMA PERMITIDA EM ATE 20%;1529;AV. PRESTES MAIA, N. 913 A(SENTIDO BAIRRO/CENTRO);3068;9903009-FX2 
